0,https://mangaschan.com/solo-leveling-capitulo-0/
1,https://mangaschan.com/solo-leveling-capitulo-1/
2,https://mangaschan.com/solo-leveling-capitulo-2/
3,https://mangaschan.com/solo-leveling-capitulo-3/
4,https://mangaschan.com/solo-leveling-capitulo-4/
5,https://mangaschan.com/solo-leveling-capitulo-5/
6,https://mangaschan.com/solo-leveling-capitulo-6/
7,https://mangaschan.com/solo-leveling-capitulo-7/
8,https://mangaschan.com/solo-leveling-capitulo-8/
9,https://mangaschan.com/solo-leveling-capitulo-9/
10,https://mangaschan.com/solo-leveling-capitulo-10/
11,https://mangaschan.com/solo-leveling-capitulo-11/
12,https://mangaschan.com/solo-leveling-capitulo-12/
13,https://mangaschan.com/solo-leveling-capitulo-13/
14,https://mangaschan.com/solo-leveling-capitulo-14/
15,https://mangaschan.com/solo-leveling-capitulo-15/
16,https://mangaschan.com/solo-leveling-capitulo-16/
17,https://mangaschan.com/solo-leveling-capitulo-17/
18,https://mangaschan.com/solo-leveling-capitulo-18/
19,https://mangaschan.com/solo-leveling-capitulo-19/
20,https://mangaschan.com/solo-leveling-capitulo-20/
21,https://mangaschan.com/solo-leveling-capitulo-21/
22,https://mangaschan.com/solo-leveling-capitulo-22/
23,https://mangaschan.com/solo-leveling-capitulo-23/
24,https://mangaschan.com/solo-leveling-capitulo-24/
25,https://mangaschan.com/solo-leveling-capitulo-25/
26,https://mangaschan.com/solo-leveling-capitulo-26/
27,https://mangaschan.com/solo-leveling-capitulo-27/
28,https://mangaschan.com/solo-leveling-capitulo-28/
29,https://mangaschan.com/solo-leveling-capitulo-29/
30,https://mangaschan.com/solo-leveling-capitulo-30/
31,https://mangaschan.com/solo-leveling-capitulo-31/
32,https://mangaschan.com/solo-leveling-capitulo-32/
33,https://mangaschan.com/solo-leveling-capitulo-33/
34,https://mangaschan.com/solo-leveling-capitulo-34/
35,https://mangaschan.com/solo-leveling-capitulo-35/
36,https://mangaschan.com/solo-leveling-capitulo-36/
37,https://mangaschan.com/solo-leveling-capitulo-37/
38,https://mangaschan.com/solo-leveling-capitulo-38/
40,https://mangaschan.com/solo-leveling-capitulo-40/
41,https://mangaschan.com/solo-leveling-capitulo-41/
42,https://mangaschan.com/solo-leveling-capitulo-42/
43,https://mangaschan.com/solo-leveling-capitulo-43/
44,https://mangaschan.com/solo-leveling-capitulo-44/
45,https://mangaschan.com/solo-leveling-capitulo-45/
46,https://mangaschan.com/solo-leveling-capitulo-46/
47,https://mangaschan.com/solo-leveling-capitulo-47/
48,https://mangaschan.com/solo-leveling-capitulo-48/
49,https://mangaschan.com/solo-leveling-capitulo-49/
50,https://mangaschan.com/solo-leveling-capitulo-50/
51,https://mangaschan.com/solo-leveling-capitulo-51/
52,https://mangaschan.com/solo-leveling-capitulo-52/
53,https://mangaschan.com/solo-leveling-capitulo-53/
54,https://mangaschan.com/solo-leveling-capitulo-54/
55,https://mangaschan.com/solo-leveling-capitulo-55/
56,https://mangaschan.com/solo-leveling-capitulo-56/
57,https://mangaschan.com/solo-leveling-capitulo-57/
58,https://mangaschan.com/solo-leveling-capitulo-58/
59,https://mangaschan.com/solo-leveling-capitulo-59/
60,https://mangaschan.com/solo-leveling-capitulo-60/
61,https://mangaschan.com/solo-leveling-capitulo-61/
62,https://mangaschan.com/solo-leveling-capitulo-62/
63,https://mangaschan.com/solo-leveling-capitulo-63/
64,https://mangaschan.com/solo-leveling-capitulo-64/
65,https://mangaschan.com/solo-leveling-capitulo-65/
66,https://mangaschan.com/solo-leveling-capitulo-66/
67,https://mangaschan.com/solo-leveling-capitulo-67/
68,https://mangaschan.com/solo-leveling-capitulo-68/
69,https://mangaschan.com/solo-leveling-capitulo-69/
70,https://mangaschan.com/solo-leveling-capitulo-70/
71,https://mangaschan.com/solo-leveling-capitulo-71/
72,https://mangaschan.com/solo-leveling-capitulo-72/
73,https://mangaschan.com/solo-leveling-capitulo-73/
74,https://mangaschan.com/solo-leveling-capitulo-74/
75,https://mangaschan.com/solo-leveling-capitulo-75/
76,https://mangaschan.com/solo-leveling-capitulo-76/
77,https://mangaschan.com/solo-leveling-capitulo-77/
78,https://mangaschan.com/solo-leveling-capitulo-78/
79,https://mangaschan.com/solo-leveling-capitulo-79/
80,https://mangaschan.com/solo-leveling-capitulo-80/
81,https://mangaschan.com/solo-leveling-capitulo-81/
82,https://mangaschan.com/solo-leveling-capitulo-82/
83,https://mangaschan.com/solo-leveling-capitulo-83/
84,https://mangaschan.com/solo-leveling-capitulo-84/
85,https://mangaschan.com/solo-leveling-capitulo-85/
86,https://mangaschan.com/solo-leveling-capitulo-86/
87,https://mangaschan.com/solo-leveling-capitulo-87/
88,https://mangaschan.com/solo-leveling-capitulo-88/
89,https://mangaschan.com/solo-leveling-capitulo-89/
90,https://mangaschan.com/solo-leveling-capitulo-90/
91,https://mangaschan.com/solo-leveling-capitulo-91/
92,https://mangaschan.com/solo-leveling-capitulo-92/
93,https://mangaschan.com/solo-leveling-capitulo-93/
94,https://mangaschan.com/solo-leveling-capitulo-94/
95,https://mangaschan.com/solo-leveling-capitulo-95/
96,https://mangaschan.com/solo-leveling-capitulo-96/
97,https://mangaschan.com/solo-leveling-capitulo-97/
98,https://mangaschan.com/solo-leveling-capitulo-98/
99,https://mangaschan.com/solo-leveling-capitulo-99/
100,https://mangaschan.com/solo-leveling-capitulo-100/
101,https://mangaschan.com/solo-leveling-capitulo-101/
102,https://mangaschan.com/solo-leveling-capitulo-102/
103,https://mangaschan.com/solo-leveling-capitulo-103/
104,https://mangaschan.com/solo-leveling-capitulo-104/
105,https://mangaschan.com/solo-leveling-capitulo-105/
106,https://mangaschan.com/solo-leveling-capitulo-106/
107,https://mangaschan.com/solo-leveling-capitulo-107/
108,https://mangaschan.com/solo-leveling-capitulo-108/
109,https://mangaschan.com/solo-leveling-capitulo-109/
110,https://mangaschan.com/solo-leveling-capitulo-110/
111,https://mangaschan.com/solo-leveling-capitulo-111/
112,https://mangaschan.com/solo-leveling-capitulo-112/
113,https://mangaschan.com/solo-leveling-capitulo-113/
114,https://mangaschan.com/solo-leveling-capitulo-114/
115,https://mangaschan.com/solo-leveling-capitulo-115/
116,https://mangaschan.com/solo-leveling-capitulo-116/
117,https://mangaschan.com/solo-leveling-capitulo-117/
118,https://mangaschan.com/solo-leveling-capitulo-118/
119,https://mangaschan.com/solo-leveling-capitulo-119/
120,https://mangaschan.com/solo-leveling-capitulo-120/
121,https://mangaschan.com/solo-leveling-capitulo-121/
122,https://mangaschan.com/solo-leveling-capitulo-122/
123,https://mangaschan.com/solo-leveling-capitulo-123/
124,https://mangaschan.com/solo-leveling-capitulo-124/
125,https://mangaschan.com/solo-leveling-capitulo-125/
126,https://mangaschan.com/solo-leveling-capitulo-126/
127,https://mangaschan.com/solo-leveling-capitulo-127/
128,https://mangaschan.com/solo-leveling-capitulo-128/
129,https://mangaschan.com/solo-leveling-capitulo-129/
130,https://mangaschan.com/solo-leveling-capitulo-130/
131,https://mangaschan.com/solo-leveling-capitulo-131/
132,https://mangaschan.com/solo-leveling-capitulo-132/
133,https://mangaschan.com/solo-leveling-capitulo-133/
134,https://mangaschan.com/solo-leveling-capitulo-134/
135,https://mangaschan.com/solo-leveling-capitulo-135/
136,https://mangaschan.com/solo-leveling-capitulo-136/
137,https://mangaschan.com/solo-leveling-capitulo-137/
138,https://mangaschan.com/solo-leveling-capitulo-138/
139,https://mangaschan.com/solo-leveling-capitulo-139/
140,https://mangaschan.com/solo-leveling-capitulo-140/
141,https://mangaschan.com/solo-leveling-capitulo-141/
142,https://mangaschan.com/solo-leveling-capitulo-142/
143,https://mangaschan.com/solo-leveling-capitulo-143/
144,https://mangaschan.com/solo-leveling-capitulo-144/
145,https://mangaschan.com/solo-leveling-capitulo-145/
146,https://mangaschan.com/solo-leveling-capitulo-146/
147,https://mangaschan.com/solo-leveling-capitulo-147/
148,https://mangaschan.com/solo-leveling-capitulo-148/
149,https://mangaschan.com/solo-leveling-capitulo-149/
150,https://mangaschan.com/solo-leveling-capitulo-150/
151,https://mangaschan.com/solo-leveling-capitulo-151/
152,https://mangaschan.com/solo-leveling-capitulo-152/
153,https://mangaschan.com/solo-leveling-capitulo-153/
154,https://mangaschan.com/solo-leveling-capitulo-154/
155,https://mangaschan.com/solo-leveling-capitulo-155/
156,https://mangaschan.com/solo-leveling-capitulo-156/
157,https://mangaschan.com/solo-leveling-capitulo-157/
158,https://mangaschan.com/solo-leveling-capitulo-158/
159,https://mangaschan.com/solo-leveling-capitulo-159/
160,https://mangaschan.com/solo-leveling-capitulo-160/
161,https://mangaschan.com/solo-leveling-capitulo-161/
162,https://mangaschan.com/solo-leveling-capitulo-162/
163,https://mangaschan.com/solo-leveling-capitulo-163/
164,https://mangaschan.com/solo-leveling-capitulo-164/
165,https://mangaschan.com/solo-leveling-capitulo-165/
166,https://mangaschan.com/solo-leveling-capitulo-166/
167,https://mangaschan.com/solo-leveling-capitulo-167/
168,https://mangaschan.com/solo-leveling-capitulo-168/
169,https://mangaschan.com/solo-leveling-capitulo-169/
170,https://mangaschan.com/solo-leveling-capitulo-170/
171,https://mangaschan.com/solo-leveling-capitulo-171/
172,https://mangaschan.com/solo-leveling-capitulo-172/
173,https://mangaschan.com/solo-leveling-capitulo-173/
174,https://mangaschan.com/solo-leveling-capitulo-174/
175,https://mangaschan.com/solo-leveling-capitulo-175/
176,https://mangaschan.com/solo-leveling-capitulo-176/
177,https://mangaschan.com/solo-leveling-capitulo-177/
178,https://mangaschan.com/solo-leveling-capitulo-178/
179,https://mangaschan.com/solo-leveling-capitulo-179/
